{
    "parameters": {
        "dt": 0.0001,
        "duration": 100,
        "speed_simulation" : 1000
    },


    "objects": {
        "toupie":{
            "name" : "toupie",
            "mass": 0.5,
            "initial_basis":{
                "e1": [0.5, 0.5, -0.70710678118],
                "e2": [-0.14644660941, 0.85355339059, 0.5],
                "e3": [0.85355339059, -0.14644660941, 0.5]
              }
              ,
            "init_position": [0, 0, 0],
            "init_velocity" : [0, 0, 0],
            "initial_angular_velocity" : [0, 0, 0.1],
            "inertia_matrix" : {
                "e1" : [1, 0, 0],
                "e2" : [0, 1, 0],
                "e3" : [0, 0, 5]
            }
        }
    },

    "forces": {
    },

    "plotting": ["3D", "euler_angle"]
}